fiscal_year,Capital Expenditure,Net Income,Operating Cash Flow,Operating Income,R&D Expense,Revenue,Operating Margin (%),Net Margin (%),R&D as % of Revenue,Free Cash Flow,Revenue Growth (%),Free Cash Flow Margin (%),CapEx as % of Revenue,company,ticker
2021,24.64,76.033,91.652,78.714,31.562,257.637,30.55,29.51,12.25,67.012,,26.01,9.56,Alphabet,GOOGL
2022,31.485,59.972,91.495,74.842,39.5,282.836,26.46,21.2,13.97,60.010000000000005,9.78,21.22,11.13,Alphabet,GOOGL
2023,32.251,73.795,101.746,84.293,45.427,307.394,27.42,24.01,14.78,69.495,8.68,22.61,10.49,Alphabet,GOOGL
2024,52.535,100.118,125.299,112.39,49.326,350.018,32.11,28.6,14.09,72.76400000000001,13.87,20.79,15.01,Alphabet,GOOGL
2025,91.447,132.17,164.713,129.039,61.087,402.836,32.03,32.81,15.16,73.26599999999999,15.09,18.19,22.7,Alphabet,GOOGL
2021,11.085,94.68,104.038,108.949,21.914,365.817,29.78,25.88,5.99,92.953,,25.41,3.03,Apple,AAPL
2022,10.708,99.803,122.151,119.437,26.251,394.328,30.29,25.31,6.66,111.443,7.79,28.26,2.72,Apple,AAPL
2023,10.959,96.995,110.543,114.301,29.915,383.285,29.82,25.31,7.8,99.584,-2.8,25.98,2.86,Apple,AAPL
2024,9.447,93.736,118.254,123.216,31.37,391.035,31.51,23.97,8.02,108.807,2.02,27.83,2.42,Apple,AAPL
2025,12.715,112.01,111.482,133.05,34.55,416.161,31.97,26.92,8.3,98.767,6.43,23.73,3.06,Apple,AAPL
2021,20.622,61.271,76.74,69.916,20.716,168.088,41.59,36.45,12.32,56.117999999999995,,33.39,12.27,Microsoft,MSFT
2022,23.886,72.738,89.035,83.383,24.512,198.27,42.06,36.69,12.36,65.149,17.96,32.86,12.05,Microsoft,MSFT
2023,28.107,72.361,87.582,88.523,27.195,211.915,41.77,34.15,12.83,59.474999999999994,6.88,28.07,13.26,Microsoft,MSFT
2024,44.477,88.136,118.548,109.433,29.51,245.122,44.64,35.96,12.04,74.071,15.67,30.22,18.14,Microsoft,MSFT
2025,64.551,101.832,136.162,128.528,32.488,281.724,45.62,36.15,11.53,71.611,14.93,25.42,22.91,Microsoft,MSFT
