fiscal_year,period_start,period_end,value_usd,filed,company,ticker,metric,value_billions
2021,2021-01-01,2021-12-31,24640000000,2022-02-02,Alphabet,GOOGL,Capital Expenditure,24.64
2022,2022-01-01,2022-12-31,31485000000,2023-02-03,Alphabet,GOOGL,Capital Expenditure,31.485
2023,2023-01-01,2023-12-31,32251000000,2024-01-31,Alphabet,GOOGL,Capital Expenditure,32.251
2024,2024-01-01,2024-12-31,52535000000,2025-02-05,Alphabet,GOOGL,Capital Expenditure,52.535
2025,2025-01-01,2025-12-31,91447000000,2026-02-05,Alphabet,GOOGL,Capital Expenditure,91.447
2021,2021-01-01,2021-12-31,76033000000,2022-02-02,Alphabet,GOOGL,Net Income,76.033
2022,2022-01-01,2022-12-31,59972000000,2023-02-03,Alphabet,GOOGL,Net Income,59.972
2023,2023-01-01,2023-12-31,73795000000,2024-01-31,Alphabet,GOOGL,Net Income,73.795
2024,2024-01-01,2024-12-31,100118000000,2025-02-05,Alphabet,GOOGL,Net Income,100.118
2025,2025-01-01,2025-12-31,132170000000,2026-02-05,Alphabet,GOOGL,Net Income,132.17
2021,2021-01-01,2021-12-31,91652000000,2022-02-02,Alphabet,GOOGL,Operating Cash Flow,91.652
2022,2022-01-01,2022-12-31,91495000000,2023-02-03,Alphabet,GOOGL,Operating Cash Flow,91.495
2023,2023-01-01,2023-12-31,101746000000,2024-01-31,Alphabet,GOOGL,Operating Cash Flow,101.746
2024,2024-01-01,2024-12-31,125299000000,2025-02-05,Alphabet,GOOGL,Operating Cash Flow,125.299
2025,2025-01-01,2025-12-31,164713000000,2026-02-05,Alphabet,GOOGL,Operating Cash Flow,164.713
2021,2021-01-01,2021-12-31,78714000000,2022-02-02,Alphabet,GOOGL,Operating Income,78.714
2022,2022-01-01,2022-12-31,74842000000,2023-02-03,Alphabet,GOOGL,Operating Income,74.842
2023,2023-01-01,2023-12-31,84293000000,2024-01-31,Alphabet,GOOGL,Operating Income,84.293
2024,2024-01-01,2024-12-31,112390000000,2025-02-05,Alphabet,GOOGL,Operating Income,112.39
2025,2025-01-01,2025-12-31,129039000000,2026-02-05,Alphabet,GOOGL,Operating Income,129.039
2021,2021-01-01,2021-12-31,31562000000,2022-02-02,Alphabet,GOOGL,R&D Expense,31.562
2022,2022-01-01,2022-12-31,39500000000,2023-02-03,Alphabet,GOOGL,R&D Expense,39.5
2023,2023-01-01,2023-12-31,45427000000,2024-01-31,Alphabet,GOOGL,R&D Expense,45.427
2024,2024-01-01,2024-12-31,49326000000,2025-02-05,Alphabet,GOOGL,R&D Expense,49.326
2025,2025-01-01,2025-12-31,61087000000,2026-02-05,Alphabet,GOOGL,R&D Expense,61.087
2021,2021-01-01,2021-12-31,257637000000,2022-02-02,Alphabet,GOOGL,Revenue,257.637
2022,2022-01-01,2022-12-31,282836000000,2023-02-03,Alphabet,GOOGL,Revenue,282.836
2023,2023-01-01,2023-12-31,307394000000,2024-01-31,Alphabet,GOOGL,Revenue,307.394
2024,2024-01-01,2024-12-31,350018000000,2025-02-05,Alphabet,GOOGL,Revenue,350.018
2025,2025-01-01,2025-12-31,402836000000,2026-02-05,Alphabet,GOOGL,Revenue,402.836
2021,2020-09-27,2021-09-25,11085000000,2021-10-29,Apple,AAPL,Capital Expenditure,11.085
2022,2021-09-26,2022-09-24,10708000000,2022-10-28,Apple,AAPL,Capital Expenditure,10.708
2023,2022-09-25,2023-09-30,10959000000,2023-11-03,Apple,AAPL,Capital Expenditure,10.959
2024,2023-10-01,2024-09-28,9447000000,2024-11-01,Apple,AAPL,Capital Expenditure,9.447
2025,2024-09-29,2025-09-27,12715000000,2025-10-31,Apple,AAPL,Capital Expenditure,12.715
2021,2020-09-27,2021-09-25,94680000000,2021-10-29,Apple,AAPL,Net Income,94.68
2022,2021-09-26,2022-09-24,99803000000,2022-10-28,Apple,AAPL,Net Income,99.803
2023,2022-09-25,2023-09-30,96995000000,2023-11-03,Apple,AAPL,Net Income,96.995
2024,2023-10-01,2024-09-28,93736000000,2024-11-01,Apple,AAPL,Net Income,93.736
2025,2024-09-29,2025-09-27,112010000000,2025-10-31,Apple,AAPL,Net Income,112.01
2021,2020-09-27,2021-09-25,104038000000,2021-10-29,Apple,AAPL,Operating Cash Flow,104.038
2022,2021-09-26,2022-09-24,122151000000,2022-10-28,Apple,AAPL,Operating Cash Flow,122.151
2023,2022-09-25,2023-09-30,110543000000,2023-11-03,Apple,AAPL,Operating Cash Flow,110.543
2024,2023-10-01,2024-09-28,118254000000,2024-11-01,Apple,AAPL,Operating Cash Flow,118.254
2025,2024-09-29,2025-09-27,111482000000,2025-10-31,Apple,AAPL,Operating Cash Flow,111.482
2021,2020-09-27,2021-09-25,108949000000,2021-10-29,Apple,AAPL,Operating Income,108.949
2022,2021-09-26,2022-09-24,119437000000,2022-10-28,Apple,AAPL,Operating Income,119.437
2023,2022-09-25,2023-09-30,114301000000,2023-11-03,Apple,AAPL,Operating Income,114.301
2024,2023-10-01,2024-09-28,123216000000,2024-11-01,Apple,AAPL,Operating Income,123.216
2025,2024-09-29,2025-09-27,133050000000,2025-10-31,Apple,AAPL,Operating Income,133.05
2021,2020-09-27,2021-09-25,21914000000,2021-10-29,Apple,AAPL,R&D Expense,21.914
2022,2021-09-26,2022-09-24,26251000000,2022-10-28,Apple,AAPL,R&D Expense,26.251
2023,2022-09-25,2023-09-30,29915000000,2023-11-03,Apple,AAPL,R&D Expense,29.915
2024,2023-10-01,2024-09-28,31370000000,2024-11-01,Apple,AAPL,R&D Expense,31.37
2025,2024-09-29,2025-09-27,34550000000,2025-10-31,Apple,AAPL,R&D Expense,34.55
2021,2020-09-27,2021-09-25,365817000000,2021-10-29,Apple,AAPL,Revenue,365.817
2022,2021-09-26,2022-09-24,394328000000,2022-10-28,Apple,AAPL,Revenue,394.328
2023,2022-09-25,2023-09-30,383285000000,2023-11-03,Apple,AAPL,Revenue,383.285
2024,2023-10-01,2024-09-28,391035000000,2024-11-01,Apple,AAPL,Revenue,391.035
2025,2024-09-29,2025-09-27,416161000000,2025-10-31,Apple,AAPL,Revenue,416.161
2021,2020-07-01,2021-06-30,20622000000,2021-07-29,Microsoft,MSFT,Capital Expenditure,20.622
2022,2021-07-01,2022-06-30,23886000000,2022-07-28,Microsoft,MSFT,Capital Expenditure,23.886
2023,2022-07-01,2023-06-30,28107000000,2023-07-27,Microsoft,MSFT,Capital Expenditure,28.107
2024,2023-07-01,2024-06-30,44477000000,2024-07-30,Microsoft,MSFT,Capital Expenditure,44.477
2025,2024-07-01,2025-06-30,64551000000,2025-07-30,Microsoft,MSFT,Capital Expenditure,64.551
2021,2020-07-01,2021-06-30,61271000000,2021-07-29,Microsoft,MSFT,Net Income,61.271
2022,2021-07-01,2022-06-30,72738000000,2022-07-28,Microsoft,MSFT,Net Income,72.738
2023,2022-07-01,2023-06-30,72361000000,2023-07-27,Microsoft,MSFT,Net Income,72.361
2024,2023-07-01,2024-06-30,88136000000,2024-07-30,Microsoft,MSFT,Net Income,88.136
2025,2024-07-01,2025-06-30,101832000000,2025-07-30,Microsoft,MSFT,Net Income,101.832
2021,2020-07-01,2021-06-30,76740000000,2021-07-29,Microsoft,MSFT,Operating Cash Flow,76.74
2022,2021-07-01,2022-06-30,89035000000,2022-07-28,Microsoft,MSFT,Operating Cash Flow,89.035
2023,2022-07-01,2023-06-30,87582000000,2023-07-27,Microsoft,MSFT,Operating Cash Flow,87.582
2024,2023-07-01,2024-06-30,118548000000,2024-07-30,Microsoft,MSFT,Operating Cash Flow,118.548
2025,2024-07-01,2025-06-30,136162000000,2025-07-30,Microsoft,MSFT,Operating Cash Flow,136.162
2021,2020-07-01,2021-06-30,69916000000,2021-07-29,Microsoft,MSFT,Operating Income,69.916
2022,2021-07-01,2022-06-30,83383000000,2022-07-28,Microsoft,MSFT,Operating Income,83.383
2023,2022-07-01,2023-06-30,88523000000,2023-07-27,Microsoft,MSFT,Operating Income,88.523
2024,2023-07-01,2024-06-30,109433000000,2024-07-30,Microsoft,MSFT,Operating Income,109.433
2025,2024-07-01,2025-06-30,128528000000,2025-07-30,Microsoft,MSFT,Operating Income,128.528
2021,2020-07-01,2021-06-30,20716000000,2021-07-29,Microsoft,MSFT,R&D Expense,20.716
2022,2021-07-01,2022-06-30,24512000000,2022-07-28,Microsoft,MSFT,R&D Expense,24.512
2023,2022-07-01,2023-06-30,27195000000,2023-07-27,Microsoft,MSFT,R&D Expense,27.195
2024,2023-07-01,2024-06-30,29510000000,2024-07-30,Microsoft,MSFT,R&D Expense,29.51
2025,2024-07-01,2025-06-30,32488000000,2025-07-30,Microsoft,MSFT,R&D Expense,32.488
2021,2020-07-01,2021-06-30,168088000000,2021-07-29,Microsoft,MSFT,Revenue,168.088
2022,2021-07-01,2022-06-30,198270000000,2022-07-28,Microsoft,MSFT,Revenue,198.27
2023,2022-07-01,2023-06-30,211915000000,2023-07-27,Microsoft,MSFT,Revenue,211.915
2024,2023-07-01,2024-06-30,245122000000,2024-07-30,Microsoft,MSFT,Revenue,245.122
2025,2024-07-01,2025-06-30,281724000000,2025-07-30,Microsoft,MSFT,Revenue,281.724
